character,gift,effect
セナ,ウェーブキャットの枕,大 
ツバキ,ウェーブキャットの枕,大 
ツバキ（ガイド）,ウェーブキャットの枕,大 
ユウカ（パジャマ）,ウェーブキャットの枕,大 
アズサ,ウェーブキャットの枕,中 
アズサ（水着）,ウェーブキャットの枕,中 
セリナ（クリスマス）,ウェーブキャットの枕,中 
ノア（パジャマ）,ウェーブキャットの枕,中 
ヒフミ,ウェーブキャットの枕,中 
ヒフミ（水着）,ウェーブキャットの枕,中 
モモイ（メイド）,ウェーブキャットの枕,中 
シロコ,ペロロの腹筋ローラー,大 
シロコ（水着）,ペロロの腹筋ローラー,大 
シロコ＊テラー,ペロロの腹筋ローラー,大 
トキ,ペロロの腹筋ローラー,大 
トキ（バニーガール）,ペロロの腹筋ローラー,大 
ヒフミ,ペロロの腹筋ローラー,大 
ヒフミ（水着）,ペロロの腹筋ローラー,大 
アズサ,ペロロの腹筋ローラー,中 
アズサ（水着）,ペロロの腹筋ローラー,中 
キリノ（水着）,ペロロの腹筋ローラー,中 
コトリ（応援団）,ペロロの腹筋ローラー,中 
シロコ（ライディング）,ペロロの腹筋ローラー,中 
スミレ,ペロロの腹筋ローラー,中 
ハナエ（クリスマス）,ペロロの腹筋ローラー,中 
ハルナ（体操服）,ペロロの腹筋ローラー,中 
レイジョ,ペロロの腹筋ローラー,中 
カヨコ,エーポッドプロ,大 
カヨコ（正月）,エーポッドプロ,大 
カヨコ（ドレス）,エーポッドプロ,大 
チヒロ,エーポッドプロ,大 
ヒビキ,エーポッドプロ,大 
ヒビキ（応援団）,エーポッドプロ,大 
モエ,エーポッドプロ,大 
レイサ,エーポッドプロ,大 
エイミ,エーポッドプロ,中 
エイミ（水着）,エーポッドプロ,中 
カズサ（バンド）,エーポッドプロ,中 
モエ（水着）,エーポッドプロ,中 
ユウカ（パジャマ）,エーポッドプロ,中 
ユズ,エーポッドプロ,中 
ユズ（メイド）,エーポッドプロ,中 
リオ,エーポッドプロ,中 
レイ,エーポッドプロ,中 
コハル,禁断の愛～許されないからこそ美しく～,大 
コハル（水着）,禁断の愛～許されないからこそ美しく～,大 
ツルギ,禁断の愛～許されないからこそ美しく～,大 
ツルギ（水着）,禁断の愛～許されないからこそ美しく～,大 
ハナコ,禁断の愛～許されないからこそ美しく～,大 
ヒヨリ（水着）,禁断の愛～許されないからこそ美しく～,大 
モミジ,禁断の愛～許されないからこそ美しく～,大 
レンゲ,禁断の愛～許されないからこそ美しく～,大 
アツコ（水着）,禁断の愛～許されないからこそ美しく～,中 
アヤネ,禁断の愛～許されないからこそ美しく～,中 
アヤネ（水着）,禁断の愛～許されないからこそ美しく～,中 
イロハ,禁断の愛～許されないからこそ美しく～,中 
ウイ,禁断の愛～許されないからこそ美しく～,中 
ウイ（水着）,禁断の愛～許されないからこそ美しく～,中 
カホ,禁断の愛～許されないからこそ美しく～,中 
カリン（制服）,禁断の愛～許されないからこそ美しく～,中 
カンナ（水着）,禁断の愛～許されないからこそ美しく～,中 
キキョウ,禁断の愛～許されないからこそ美しく～,中 
キサキ,禁断の愛～許されないからこそ美しく～,中 
コトリ,禁断の愛～許されないからこそ美しく～,中 
サツキ,禁断の愛～許されないからこそ美しく～,中 
シミコ,禁断の愛～許されないからこそ美しく～,中 
セイア,禁断の愛～許されないからこそ美しく～,中 
チセ,禁断の愛～許されないからこそ美しく～,中 
チセ（水着）,禁断の愛～許されないからこそ美しく～,中 
チナツ,禁断の愛～許されないからこそ美しく～,中 
チナツ（温泉）,禁断の愛～許されないからこそ美しく～,中 
ツバキ（ガイド）,禁断の愛～許されないからこそ美しく～,中 
トモエ（チーパオ）,禁断の愛～許されないからこそ美しく～,中 
ノア,禁断の愛～許されないからこそ美しく～,中 
ノア（パジャマ）,禁断の愛～許されないからこそ美しく～,中 
ミノリ,禁断の愛～許されないからこそ美しく～,中 
ミモリ（水着）,禁断の愛～許されないからこそ美しく～,中 
メル,禁断の愛～許されないからこそ美しく～,中 
アリス,ゲームマガジン「ヒットガールズ」,大 
アリス（メイド）,ゲームマガジン「ヒットガールズ」,大 
イロハ,ゲームマガジン「ヒットガールズ」,大 
ハレ,ゲームマガジン「ヒットガールズ」,大 
ハレ（キャンプ）,ゲームマガジン「ヒットガールズ」,大 
アツコ（水着）,ゲームマガジン「ヒットガールズ」,中 
アヤネ,ゲームマガジン「ヒットガールズ」,中 
アヤネ（水着）,ゲームマガジン「ヒットガールズ」,中 
ウイ,ゲームマガジン「ヒットガールズ」,中 
ウイ（水着）,ゲームマガジン「ヒットガールズ」,中 
カエデ,ゲームマガジン「ヒットガールズ」,中 
カホ,ゲームマガジン「ヒットガールズ」,中 
カンナ（水着）,ゲームマガジン「ヒットガールズ」,中 
キキョウ,ゲームマガジン「ヒットガールズ」,中 
キサキ,ゲームマガジン「ヒットガールズ」,中 
コトリ,ゲームマガジン「ヒットガールズ」,中 
サツキ,ゲームマガジン「ヒットガールズ」,中 
シミコ,ゲームマガジン「ヒットガールズ」,中 
セイア,ゲームマガジン「ヒットガールズ」,中 
チセ,ゲームマガジン「ヒットガールズ」,中 
チセ（水着）,ゲームマガジン「ヒットガールズ」,中 
チナツ,ゲームマガジン「ヒットガールズ」,中 
チナツ（温泉）,ゲームマガジン「ヒットガールズ」,中 
ツバキ（ガイド）,ゲームマガジン「ヒットガールズ」,中 
トモエ（チーパオ）,ゲームマガジン「ヒットガールズ」,中 
ネル（制服）,ゲームマガジン「ヒットガールズ」,中 
ネル（バニーガール）,ゲームマガジン「ヒットガールズ」,中 
ノア,ゲームマガジン「ヒットガールズ」,中 
ノア（パジャマ）,ゲームマガジン「ヒットガールズ」,中 
ハナコ,ゲームマガジン「ヒットガールズ」,中 
ヒカリ,ゲームマガジン「ヒットガールズ」,中 
フブキ（水着）,ゲームマガジン「ヒットガールズ」,中 
ミドリ（メイド）,ゲームマガジン「ヒットガールズ」,中 
ミノリ,ゲームマガジン「ヒットガールズ」,中 
ミモリ（水着）,ゲームマガジン「ヒットガールズ」,中 
モミジ,ゲームマガジン「ヒットガールズ」,中 
モモイ,ゲームマガジン「ヒットガールズ」,中 
モモイ（メイド）,ゲームマガジン「ヒットガールズ」,中 
ユズ,ゲームマガジン「ヒットガールズ」,中 
ユズ（メイド）,ゲームマガジン「ヒットガールズ」,中 
アスナ,チェリーローズカラーのグロス,大 
アスナ（制服）,チェリーローズカラーのグロス,大 
キララ,チェリーローズカラーのグロス,大 
コハル,チェリーローズカラーのグロス,大 
サオリ,チェリーローズカラーのグロス,大 
サオリ（水着）,チェリーローズカラーのグロス,大 
トモエ（チーパオ）,チェリーローズカラーのグロス,大 
ノノミ,チェリーローズカラーのグロス,大 
ノノミ（水着）,チェリーローズカラーのグロス,大 
ミネ,チェリーローズカラーのグロス,大 
カズサ,チェリーローズカラーのグロス,中 
シュン,チェリーローズカラーのグロス,中 
ノア（パジャマ）,チェリーローズカラーのグロス,中 
ハナエ,チェリーローズカラーのグロス,中 
ハナコ（水着）,チェリーローズカラーのグロス,中 
ミカ,チェリーローズカラーのグロス,中 
ミモリ（水着）,チェリーローズカラーのグロス,中 
メル,チェリーローズカラーのグロス,中 
ユウカ（パジャマ）,チェリーローズカラーのグロス,中 
ヨシミ（バンド）,チェリーローズカラーのグロス,中 
ハナコ（水着）,お肌を透明にするBBクリーム,特大 
アスナ（制服）,お肌を透明にするBBクリーム,大 
キララ,お肌を透明にするBBクリーム,大 
サオリ,お肌を透明にするBBクリーム,大 
サオリ（水着）,お肌を透明にするBBクリーム,大 
シュン,お肌を透明にするBBクリーム,大 
ハナエ,お肌を透明にするBBクリーム,大 
ミカ,お肌を透明にするBBクリーム,大 
アスナ,お肌を透明にするBBクリーム,中 
コハル,お肌を透明にするBBクリーム,中 
ノア（パジャマ）,お肌を透明にするBBクリーム,中 
ノノミ,お肌を透明にするBBクリーム,中 
ノノミ（水着）,お肌を透明にするBBクリーム,中 
ミネ,お肌を透明にするBBクリーム,中 
ミモリ（水着）,お肌を透明にするBBクリーム,中 
ユウカ（パジャマ）,お肌を透明にするBBクリーム,中 
サオリ（水着）,ミリタリー用カモフラージュクリーム3種セット,大 
サキ,ミリタリー用カモフラージュクリーム3種セット,大 
サキ（水着）,ミリタリー用カモフラージュクリーム3種セット,大 
ホシノ（臨戦）,ミリタリー用カモフラージュクリーム3種セット,大 
マシロ,ミリタリー用カモフラージュクリーム3種セット,大 
アスナ,ミリタリー用カモフラージュクリーム3種セット,中 
アスナ（制服）,ミリタリー用カモフラージュクリーム3種セット,中 
イオリ,ミリタリー用カモフラージュクリーム3種セット,中 
イオリ（水着）,ミリタリー用カモフラージュクリーム3種セット,中 
キララ,ミリタリー用カモフラージュクリーム3種セット,中 
コハル,ミリタリー用カモフラージュクリーム3種セット,中 
サオリ,ミリタリー用カモフラージュクリーム3種セット,中 
シュン,ミリタリー用カモフラージュクリーム3種セット,中 
ノア（パジャマ）,ミリタリー用カモフラージュクリーム3種セット,中 
ノノミ,ミリタリー用カモフラージュクリーム3種セット,中 
ノノミ（水着）,ミリタリー用カモフラージュクリーム3種セット,中 
ハナエ,ミリタリー用カモフラージュクリーム3種セット,中 
ハナコ（水着）,ミリタリー用カモフラージュクリーム3種セット,中 
マシロ（水着）,ミリタリー用カモフラージュクリーム3種セット,中 
ミカ,ミリタリー用カモフラージュクリーム3種セット,中 
ミネ,ミリタリー用カモフラージュクリーム3種セット,中 
ミモリ（水着）,ミリタリー用カモフラージュクリーム3種セット,中 
ミヤコ,ミリタリー用カモフラージュクリーム3種セット,中 
ミヤコ（水着）,ミリタリー用カモフラージュクリーム3種セット,中 
ミユ,ミリタリー用カモフラージュクリーム3種セット,中 
ミユ（水着）,ミリタリー用カモフラージュクリーム3種セット,中 
モエ,ミリタリー用カモフラージュクリーム3種セット,中 
モエ（水着）,ミリタリー用カモフラージュクリーム3種セット,中 
ユウカ（パジャマ）,ミリタリー用カモフラージュクリーム3種セット,中 
アイリ,高級なクッキーセット,大 
アイリ（バンド）,高級なクッキーセット,大 
イブキ,高級なクッキーセット,大 
カズサ,高級なクッキーセット,大 
カズサ（バンド）,高級なクッキーセット,大 
ココナ,高級なクッキーセット,大 
シュン（幼女）,高級なクッキーセット,大 
ジュンコ,高級なクッキーセット,大 
ジュンコ（正月）,高級なクッキーセット,大 
ハルナ（正月）,高級なクッキーセット,大 
ハルナ（体操服）,高級なクッキーセット,大 
ヒカリ,高級なクッキーセット,大 
フブキ,高級なクッキーセット,大 
フブキ（水着）,高級なクッキーセット,大 
ヨシミ,高級なクッキーセット,大 
ヨシミ（バンド）,高級なクッキーセット,大 
アスナ（バニーガール）,高級なクッキーセット,中 
イオリ,高級なクッキーセット,中 
イオリ（水着）,高級なクッキーセット,中 
イズミ,高級なクッキーセット,中 
イズミ（水着）,高級なクッキーセット,中 
キリノ,高級なクッキーセット,中 
キリノ（水着）,高級なクッキーセット,中 
サクラコ,高級なクッキーセット,中 
サヤ（私服）,高級なクッキーセット,中 
ナギサ,高級なクッキーセット,中 
ナツ,高級なクッキーセット,中 
ノドカ,高級なクッキーセット,中 
ノドカ（温泉）,高級なクッキーセット,中 
ハスミ,高級なクッキーセット,中 
ハスミ（体操服）,高級なクッキーセット,中 
ヒヨリ（水着）,高級なクッキーセット,中 
ミカ,高級なクッキーセット,中 
ユカリ,高級なクッキーセット,中 
レイサ,高級なクッキーセット,中 
アヤネ,『銃 可愛い 青春』,大 
アヤネ（水着）,『銃 可愛い 青春』,大 
ウイ,『銃 可愛い 青春』,大 
ウイ（水着）,『銃 可愛い 青春』,大 
キキョウ,『銃 可愛い 青春』,大 
チナツ,『銃 可愛い 青春』,大 
チナツ（温泉）,『銃 可愛い 青春』,大 
ミノリ,『銃 可愛い 青春』,大 
ミヤコ,『銃 可愛い 青春』,大 
ミヤコ（水着）,『銃 可愛い 青春』,大 
アツコ（水着）,『銃 可愛い 青春』,中 
イロハ,『銃 可愛い 青春』,中 
カホ,『銃 可愛い 青春』,中 
カンナ（水着）,『銃 可愛い 青春』,中 
キサキ,『銃 可愛い 青春』,中 
コトリ,『銃 可愛い 青春』,中 
コハル（水着）,『銃 可愛い 青春』,中 
サツキ,『銃 可愛い 青春』,中 
シミコ,『銃 可愛い 青春』,中 
セイア,『銃 可愛い 青春』,中 
チセ,『銃 可愛い 青春』,中 
チセ（水着）,『銃 可愛い 青春』,中 
ツバキ（ガイド）,『銃 可愛い 青春』,中 
トモエ,『銃 可愛い 青春』,中 
トモエ（チーパオ）,『銃 可愛い 青春』,中 
ノア,『銃 可愛い 青春』,中 
ノア（パジャマ）,『銃 可愛い 青春』,中 
ハナコ,『銃 可愛い 青春』,中 
ミモリ（水着）,『銃 可愛い 青春』,中 
メル,『銃 可愛い 青春』,中 
モミジ,『銃 可愛い 青春』,中 
ウタハ,天体望遠鏡,大 
ノドカ,天体望遠鏡,大 
リオ,天体望遠鏡,大 
アリス（メイド）,天体望遠鏡,中 
イブキ,天体望遠鏡,中 
ウミカ,天体望遠鏡,中 
カエデ,天体望遠鏡,中 
カスミ,天体望遠鏡,中 
コタマ,天体望遠鏡,中 
コタマ（キャンプ）,天体望遠鏡,中 
コユキ,天体望遠鏡,中 
ネル,天体望遠鏡,中 
ネル（制服）,天体望遠鏡,中 
ノゾミ,天体望遠鏡,中 
ノドカ（温泉）,天体望遠鏡,中 
マキ,天体望遠鏡,中 
マリナ（チーパオ）,天体望遠鏡,中 
ムツキ,天体望遠鏡,中 
ムツキ（正月）,天体望遠鏡,中 
メグ,天体望遠鏡,中 
メル,天体望遠鏡,中 
ネル（バニーガール）,ゲームガールカラー復刻版,大 
モモイ,ゲームガールカラー復刻版,大 
モモイ（メイド）,ゲームガールカラー復刻版,大 
ユズ,ゲームガールカラー復刻版,大 
ユズ（メイド）,ゲームガールカラー復刻版,大 
アリス,ゲームガールカラー復刻版,中 
アリス（メイド）,ゲームガールカラー復刻版,中 
イロハ,ゲームガールカラー復刻版,中 
カエデ,ゲームガールカラー復刻版,中 
カヨコ,ゲームガールカラー復刻版,中 
カヨコ（正月）,ゲームガールカラー復刻版,中 
カヨコ（ドレス）,ゲームガールカラー復刻版,中 
チヒロ,ゲームガールカラー復刻版,中 
ネル（制服）,ゲームガールカラー復刻版,中 
ハレ,ゲームガールカラー復刻版,中 
ハレ（キャンプ）,ゲームガールカラー復刻版,中 
ヒカリ,ゲームガールカラー復刻版,中 
ヒビキ,ゲームガールカラー復刻版,中 
ヒビキ（応援団）,ゲームガールカラー復刻版,中 
フブキ（水着）,ゲームガールカラー復刻版,中 
ミドリ（メイド）,ゲームガールカラー復刻版,中 
モエ,ゲームガールカラー復刻版,中 
モエ（水着）,ゲームガールカラー復刻版,中 
ユウカ（パジャマ）,ゲームガールカラー復刻版,中 
リオ,ゲームガールカラー復刻版,中 
レイサ,ゲームガールカラー復刻版,中 
レイ,ゲームガールカラー復刻版,中 
イオリ,MX-レーションC型デザート風味,大 
イオリ（水着）,MX-レーションC型デザート風味,大 
ホシノ（臨戦）,MX-レーションC型デザート風味,大 
マシロ（水着）,MX-レーションC型デザート風味,大 
アイリ,MX-レーションC型デザート風味,中 
アイリ（バンド）,MX-レーションC型デザート風味,中 
アスナ（バニーガール）,MX-レーションC型デザート風味,中 
イズミ,MX-レーションC型デザート風味,中 
イズミ（水着）,MX-レーションC型デザート風味,中 
イブキ,MX-レーションC型デザート風味,中 
カズサ,MX-レーションC型デザート風味,中 
カズサ（バンド）,MX-レーションC型デザート風味,中 
ココナ,MX-レーションC型デザート風味,中 
サオリ（水着）,MX-レーションC型デザート風味,中 
サキ,MX-レーションC型デザート風味,中 
サキ（水着）,MX-レーションC型デザート風味,中 
サクラコ,MX-レーションC型デザート風味,中 
シュン（幼女）,MX-レーションC型デザート風味,中 
ジュンコ,MX-レーションC型デザート風味,中 
ジュンコ（正月）,MX-レーションC型デザート風味,中 
ナツ,MX-レーションC型デザート風味,中 
ノドカ,MX-レーションC型デザート風味,中 
ノドカ（温泉）,MX-レーションC型デザート風味,中 
ハスミ,MX-レーションC型デザート風味,中 
ハスミ（体操服）,MX-レーションC型デザート風味,中 
ハルナ（体操服）,MX-レーションC型デザート風味,中 
ヒカリ,MX-レーションC型デザート風味,中 
ヒヨリ（水着）,MX-レーションC型デザート風味,中 
フブキ,MX-レーションC型デザート風味,中 
フブキ（水着）,MX-レーションC型デザート風味,中 
マシロ,MX-レーションC型デザート風味,中 
ミカ,MX-レーションC型デザート風味,中 
ミヤコ,MX-レーションC型デザート風味,中 
ミヤコ（水着）,MX-レーションC型デザート風味,中 
ミユ,MX-レーションC型デザート風味,中 
ミユ（水着）,MX-レーションC型デザート風味,中 
モエ,MX-レーションC型デザート風味,中 
モエ（水着）,MX-レーションC型デザート風味,中 
ユカリ,MX-レーションC型デザート風味,中 
ヨシミ,MX-レーションC型デザート風味,中 
ヨシミ（バンド）,MX-レーションC型デザート風味,中 
レイサ,MX-レーションC型デザート風味,中 
イズミ,抹茶味の瓶ラムネ,大 
イズミ（水着）,抹茶味の瓶ラムネ,大 
フブキ（水着）,抹茶味の瓶ラムネ,大 
アイリ,抹茶味の瓶ラムネ,中 
アイリ（バンド）,抹茶味の瓶ラムネ,中 
アスナ（バニーガール）,抹茶味の瓶ラムネ,中 
イオリ,抹茶味の瓶ラムネ,中 
イオリ（水着）,抹茶味の瓶ラムネ,中 
イブキ,抹茶味の瓶ラムネ,中 
カズサ,抹茶味の瓶ラムネ,中 
カズサ（バンド）,抹茶味の瓶ラムネ,中 
ココナ,抹茶味の瓶ラムネ,中 
サクラコ,抹茶味の瓶ラムネ,中 
シュン（幼女）,抹茶味の瓶ラムネ,中 
ジュンコ,抹茶味の瓶ラムネ,中 
ジュンコ（正月）,抹茶味の瓶ラムネ,中 
ナツ,抹茶味の瓶ラムネ,中 
ノドカ,抹茶味の瓶ラムネ,中 
ノドカ（温泉）,抹茶味の瓶ラムネ,中 
ハスミ,抹茶味の瓶ラムネ,中 
ハスミ（体操服）,抹茶味の瓶ラムネ,中 
ハルナ（体操服）,抹茶味の瓶ラムネ,中 
ヒカリ,抹茶味の瓶ラムネ,中 
ヒヨリ（水着）,抹茶味の瓶ラムネ,中 
フブキ,抹茶味の瓶ラムネ,中 
ミカ,抹茶味の瓶ラムネ,中 
ユカリ,抹茶味の瓶ラムネ,中 
ヨシミ,抹茶味の瓶ラムネ,中 
ヨシミ（バンド）,抹茶味の瓶ラムネ,中 
レイサ,抹茶味の瓶ラムネ,中 
セリナ,ゼリーズの枕,大 
セリナ（クリスマス）,ゼリーズの枕,大 
ミドリ,ゼリーズの枕,大 
セナ,ゼリーズの枕,中 
ツバキ,ゼリーズの枕,中 
ツバキ（ガイド）,ゼリーズの枕,中 
ノア（パジャマ）,ゼリーズの枕,中 
モモイ（メイド）,ゼリーズの枕,中 
ユウカ（パジャマ）,ゼリーズの枕,中 
アコ（ドレス）,跳躍探偵ウサギ～霧に包まれた温泉での滑落～,大 
カンナ（水着）,跳躍探偵ウサギ～霧に包まれた温泉での滑落～,大 
キキョウ,跳躍探偵ウサギ～霧に包まれた温泉での滑落～,大 
シミコ,跳躍探偵ウサギ～霧に包まれた温泉での滑落～,大 
アツコ（水着）,跳躍探偵ウサギ～霧に包まれた温泉での滑落～,中 
アヤネ,跳躍探偵ウサギ～霧に包まれた温泉での滑落～,中 
アヤネ（水着）,跳躍探偵ウサギ～霧に包まれた温泉での滑落～,中 
イロハ,跳躍探偵ウサギ～霧に包まれた温泉での滑落～,中 
ウイ,跳躍探偵ウサギ～霧に包まれた温泉での滑落～,中 
ウイ（水着）,跳躍探偵ウサギ～霧に包まれた温泉での滑落～,中 
カホ,跳躍探偵ウサギ～霧に包まれた温泉での滑落～,中 
キサキ,跳躍探偵ウサギ～霧に包まれた温泉での滑落～,中 
コトリ,跳躍探偵ウサギ～霧に包まれた温泉での滑落～,中 
コハル,跳躍探偵ウサギ～霧に包まれた温泉での滑落～,中 
サツキ,跳躍探偵ウサギ～霧に包まれた温泉での滑落～,中 
セイア,跳躍探偵ウサギ～霧に包まれた温泉での滑落～,中 
チセ,跳躍探偵ウサギ～霧に包まれた温泉での滑落～,中 
チセ（水着）,跳躍探偵ウサギ～霧に包まれた温泉での滑落～,中 
チナツ,跳躍探偵ウサギ～霧に包まれた温泉での滑落～,中 
チナツ（温泉）,跳躍探偵ウサギ～霧に包まれた温泉での滑落～,中 
ツバキ（ガイド）,跳躍探偵ウサギ～霧に包まれた温泉での滑落～,中 
トモエ（チーパオ）,跳躍探偵ウサギ～霧に包まれた温泉での滑落～,中 
ノア,跳躍探偵ウサギ～霧に包まれた温泉での滑落～,中 
ノア（パジャマ）,跳躍探偵ウサギ～霧に包まれた温泉での滑落～,中 
ハナコ,跳躍探偵ウサギ～霧に包まれた温泉での滑落～,中 
ミノリ,跳躍探偵ウサギ～霧に包まれた温泉での滑落～,中 
ミモリ（水着）,跳躍探偵ウサギ～霧に包まれた温泉での滑落～,中 
メル,跳躍探偵ウサギ～霧に包まれた温泉での滑落～,中 
モミジ,跳躍探偵ウサギ～霧に包まれた温泉での滑落～,中 
キリノ（水着）,O-フィット,大 
スミレ,O-フィット,大 
ハナエ（クリスマス）,O-フィット,大 
アリス,O-フィット,中 
アリス（メイド）,O-フィット,中 
イロハ,O-フィット,中 
カエデ,O-フィット,中 
コトリ（応援団）,O-フィット,中 
シロコ,O-フィット,中 
シロコ（ライディング）,O-フィット,中 
シロコ（水着）,O-フィット,中 
シロコ＊テラー,O-フィット,中 
トキ,O-フィット,中 
トキ（バニーガール）,O-フィット,中 
ネル（制服）,O-フィット,中 
ネル（バニーガール）,O-フィット,中 
ハルナ（体操服）,O-フィット,中 
ハレ,O-フィット,中 
ハレ（キャンプ）,O-フィット,中 
ヒカリ,O-フィット,中 
フブキ（水着）,O-フィット,中 
ミドリ（メイド）,O-フィット,中 
モモイ,O-フィット,中 
モモイ（メイド）,O-フィット,中 
ユズ,O-フィット,中 
ユズ（メイド）,O-フィット,中 
レイジョ,O-フィット,中 
アル,埋蔵金の地図,大 
アル（正月）,埋蔵金の地図,大 
アル（ドレス）,埋蔵金の地図,大 
ウイ（水着）,埋蔵金の地図,大 
カスミ,埋蔵金の地図,大 
シロコ（ライディング）,埋蔵金の地図,大 
チェリノ（温泉）,埋蔵金の地図,大 
ナツ,埋蔵金の地図,大 
ホシノ,埋蔵金の地図,大 
ホシノ（水着）,埋蔵金の地図,大 
ホシノ（臨戦）,埋蔵金の地図,大 
マコト,埋蔵金の地図,大 
ミチル,埋蔵金の地図,大 
アコ,埋蔵金の地図,中 
アコ（ドレス）,埋蔵金の地図,中 
エイミ,埋蔵金の地図,中 
エイミ（水着）,埋蔵金の地図,中 
サキ,埋蔵金の地図,中 
サキ（水着）,埋蔵金の地図,中 
セリカ,埋蔵金の地図,中 
セリカ（正月）,埋蔵金の地図,中 
セリカ（水着）,埋蔵金の地図,中 
ヒマリ,埋蔵金の地図,中 
チェリノ,埋蔵金の地図,中 
チナツ（温泉）,埋蔵金の地図,中 
ナギサ,埋蔵金の地図,中 
ノゾミ,埋蔵金の地図,中 
マリナ,埋蔵金の地図,中 
マリナ（チーパオ）,埋蔵金の地図,中 
ミナ,埋蔵金の地図,中 
レイ,埋蔵金の地図,中 
レイジョ,埋蔵金の地図,中 
ムツキ,コスプレ用ぐるぐるメガネ,特大 
ウミカ,コスプレ用ぐるぐるメガネ,大 
カエデ,コスプレ用ぐるぐるメガネ,大 
サヤ（私服）,コスプレ用ぐるぐるメガネ,大 
ネル,コスプレ用ぐるぐるメガネ,大 
ネル（制服）,コスプレ用ぐるぐるメガネ,大 
ノゾミ,コスプレ用ぐるぐるメガネ,大 
ムツキ（正月）,コスプレ用ぐるぐるメガネ,大 
メグ,コスプレ用ぐるぐるメガネ,大 
アツコ（水着）,コスプレ用ぐるぐるメガネ,中 
アリス（メイド）,コスプレ用ぐるぐるメガネ,中 
イブキ,コスプレ用ぐるぐるメガネ,中 
キサキ,コスプレ用ぐるぐるメガネ,中 
コタマ,コスプレ用ぐるぐるメガネ,中 
コタマ（キャンプ）,コスプレ用ぐるぐるメガネ,中 
コユキ,コスプレ用ぐるぐるメガネ,中 
セイア,コスプレ用ぐるぐるメガネ,中 
チェリノ,コスプレ用ぐるぐるメガネ,中 
チェリノ（温泉）,コスプレ用ぐるぐるメガネ,中 
ツクヨ,コスプレ用ぐるぐるメガネ,中 
ハルカ,コスプレ用ぐるぐるメガネ,中 
ハルカ（正月）,コスプレ用ぐるぐるメガネ,中 
マキ,コスプレ用ぐるぐるメガネ,中 
マコト,コスプレ用ぐるぐるメガネ,中 
マリナ（チーパオ）,コスプレ用ぐるぐるメガネ,中 
ミナ,コスプレ用ぐるぐるメガネ,中 
メル,コスプレ用ぐるぐるメガネ,中 
モエ（水着）,コスプレ用ぐるぐるメガネ,中 
リオ,コスプレ用ぐるぐるメガネ,中 
アル（ドレス）,世界で最も無駄な絡繰りボックス,大 
コユキ,世界で最も無駄な絡繰りボックス,大 
ハナコ,世界で最も無駄な絡繰りボックス,大 
ヒナ,世界で最も無駄な絡繰りボックス,大 
ヒナ（ドレス）,世界で最も無駄な絡繰りボックス,大 
ヒナ（水着）,世界で最も無駄な絡繰りボックス,大 
ヒマリ,世界で最も無駄な絡繰りボックス,大 
マコト,世界で最も無駄な絡繰りボックス,大 
アコ,世界で最も無駄な絡繰りボックス,中 
アコ（ドレス）,世界で最も無駄な絡繰りボックス,中 
アル,世界で最も無駄な絡繰りボックス,中 
アル（正月）,世界で最も無駄な絡繰りボックス,中 
エイミ,世界で最も無駄な絡繰りボックス,中 
エイミ（水着）,世界で最も無駄な絡繰りボックス,中 
カスミ,世界で最も無駄な絡繰りボックス,中 
サキ,世界で最も無駄な絡繰りボックス,中 
サキ（水着）,世界で最も無駄な絡繰りボックス,中 
サツキ,世界で最も無駄な絡繰りボックス,中 
セリカ,世界で最も無駄な絡繰りボックス,中 
セリカ（正月）,世界で最も無駄な絡繰りボックス,中 
セリカ（水着）,世界で最も無駄な絡繰りボックス,中 
チェリノ,世界で最も無駄な絡繰りボックス,中 
チナツ（温泉）,世界で最も無駄な絡繰りボックス,中 
ナギサ,世界で最も無駄な絡繰りボックス,中 
ノゾミ,世界で最も無駄な絡繰りボックス,中 
ホシノ（臨戦）,世界で最も無駄な絡繰りボックス,中 
マリナ,世界で最も無駄な絡繰りボックス,中 
マリナ（チーパオ）,世界で最も無駄な絡繰りボックス,中 
ミナ,世界で最も無駄な絡繰りボックス,中 
アズサ,リボンのついた熊のぬいぐるみ,大 
アズサ（水着）,リボンのついた熊のぬいぐるみ,大 
イブキ,リボンのついた熊のぬいぐるみ,大 
カリン（バニーガール）,リボンのついた熊のぬいぐるみ,大 
コタマ,リボンのついた熊のぬいぐるみ,大 
コタマ（キャンプ）,リボンのついた熊のぬいぐるみ,大 
スズミ,リボンのついた熊のぬいぐるみ,大 
マリナ,リボンのついた熊のぬいぐるみ,大 
マリナ（チーパオ）,リボンのついた熊のぬいぐるみ,大 
ミサキ,リボンのついた熊のぬいぐるみ,大 
ワカモ,リボンのついた熊のぬいぐるみ,大 
ワカモ（水着）,リボンのついた熊のぬいぐるみ,大 
アリス（メイド）,リボンのついた熊のぬいぐるみ,中 
ウミカ,リボンのついた熊のぬいぐるみ,中 
カエデ,リボンのついた熊のぬいぐるみ,中 
コユキ,リボンのついた熊のぬいぐるみ,中 
シュン（幼女）,リボンのついた熊のぬいぐるみ,中 
ネル,リボンのついた熊のぬいぐるみ,中 
ネル（制服）,リボンのついた熊のぬいぐるみ,中 
ノゾミ,リボンのついた熊のぬいぐるみ,中 
マキ,リボンのついた熊のぬいぐるみ,中 
ムツキ,リボンのついた熊のぬいぐるみ,中 
ムツキ（正月）,リボンのついた熊のぬいぐるみ,中 
メグ,リボンのついた熊のぬいぐるみ,中 
メル,リボンのついた熊のぬいぐるみ,中 
ヒナ（ドレス）,映画の前売りペアチケット,大 
フィーナ,映画の前売りペアチケット,大 
レンゲ,映画の前売りペアチケット,大 
ノドカ（温泉）,映画の前売りペアチケット,中 
イブキ,30色の絵の具セット,大 
ジュリ,30色の絵の具セット,大 
マキ,30色の絵の具セット,大 
アリス（メイド）,30色の絵の具セット,中 
ウミカ,30色の絵の具セット,中 
カエデ,30色の絵の具セット,中 
コタマ,30色の絵の具セット,中 
コタマ（キャンプ）,30色の絵の具セット,中 
コユキ,30色の絵の具セット,中 
ネル,30色の絵の具セット,中 
ネル（制服）,30色の絵の具セット,中 
ノゾミ,30色の絵の具セット,中 
マリナ（チーパオ）,30色の絵の具セット,中 
ムツキ,30色の絵の具セット,中 
ムツキ（正月）,30色の絵の具セット,中 
メグ,30色の絵の具セット,中 
メル,30色の絵の具セット,中 
アツコ（水着）,古典の詩集,大 
ウイ,古典の詩集,大 
ウイ（水着）,古典の詩集,大 
カホ,古典の詩集,大 
キキョウ,古典の詩集,大 
セイア,古典の詩集,大 
チセ,古典の詩集,大 
チセ（水着）,古典の詩集,大 
トモエ,古典の詩集,大 
ノア,古典の詩集,大 
ノア（パジャマ）,古典の詩集,大 
ミモリ（水着）,古典の詩集,大 
アヤネ,古典の詩集,中 
アヤネ（水着）,古典の詩集,中 
イロハ,古典の詩集,中 
カンナ（水着）,古典の詩集,中 
キサキ,古典の詩集,中 
コトリ,古典の詩集,中 
サツキ,古典の詩集,中 
シミコ,古典の詩集,中 
チナツ,古典の詩集,中 
チナツ（温泉）,古典の詩集,中 
ツバキ（ガイド）,古典の詩集,中 
トモエ（チーパオ）,古典の詩集,中 
ハナコ,古典の詩集,中 
ミノリ,古典の詩集,中 
ミモリ（水着）,古典の詩集,中 
メル,古典の詩集,中 
モミジ,古典の詩集,中 
アカネ,可愛い食器セット,大 
カリン（制服）,可愛い食器セット,大 
キサキ,可愛い食器セット,大 
ヒナタ（水着）,可愛い食器セット,大 
ヒヨリ,可愛い食器セット,大 
フウカ,可愛い食器セット,大 
フウカ（正月）,可愛い食器セット,大 
ミドリ（メイド）,可愛い食器セット,大 
ミモリ,可愛い食器セット,大 
ルミ,可愛い食器セット,大 
レンゲ,可愛い食器セット,大 
マリー（アイドル）,可愛い食器セット,大 
ヒビキ（応援団）,可愛い食器セット,中 
アリス（メイド）,頭脳開発キューブパズル,大 
カリン,頭脳開発キューブパズル,大 
コユキ,頭脳開発キューブパズル,大 
ユウカ,頭脳開発キューブパズル,大 
ユウカ（体操服）,頭脳開発キューブパズル,大 
イブキ,頭脳開発キューブパズル,中 
ウミカ,頭脳開発キューブパズル,中 
カエデ,頭脳開発キューブパズル,中 
コタマ,頭脳開発キューブパズル,中 
コタマ（キャンプ）,頭脳開発キューブパズル,中 
コトリ（応援団）,頭脳開発キューブパズル,中 
ネル,頭脳開発キューブパズル,中 
ネル（制服）,頭脳開発キューブパズル,中 
ノゾミ,頭脳開発キューブパズル,中 
マキ,頭脳開発キューブパズル,中 
マリナ（チーパオ）,頭脳開発キューブパズル,中 
ムツキ,頭脳開発キューブパズル,中 
ムツキ（正月）,頭脳開発キューブパズル,中 
メグ,頭脳開発キューブパズル,中 
メル,頭脳開発キューブパズル,中 
アイリ（バンド）,大きなホールケーキ,大 
アスナ（バニーガール）,大きなホールケーキ,大 
カズサ（バンド）,大きなホールケーキ,大 
サクラコ,大きなホールケーキ,大 
ハスミ,大きなホールケーキ,大 
ハスミ（体操服）,大きなホールケーキ,大 
ヒカリ,大きなホールケーキ,大 
ヒヨリ（水着）,大きなホールケーキ,大 
ヨシミ（バンド）,大きなホールケーキ,大 
アイリ,大きなホールケーキ,中 
アカリ,大きなホールケーキ,中 
アカリ（正月）,大きなホールケーキ,中 
イオリ,大きなホールケーキ,中 
イオリ（水着）,大きなホールケーキ,中 
イズミ,大きなホールケーキ,中 
イズミ（水着）,大きなホールケーキ,中 
イブキ,大きなホールケーキ,中 
カズサ,大きなホールケーキ,中 
ココナ,大きなホールケーキ,中 
シュン（幼女）,大きなホールケーキ,中 
ジュンコ,大きなホールケーキ,中 
ジュンコ（正月）,大きなホールケーキ,中 
チェリノ,大きなホールケーキ,中 
ナツ,大きなホールケーキ,中 
ノドカ,大きなホールケーキ,中 
ノドカ（温泉）,大きなホールケーキ,中 
ハルナ（体操服）,大きなホールケーキ,中 
フブキ,大きなホールケーキ,中 
フブキ（水着）,大きなホールケーキ,中 
ミカ,大きなホールケーキ,中 
ユカリ,大きなホールケーキ,中 
ヨシミ,大きなホールケーキ,中 
レイサ,大きなホールケーキ,中 
アカリ,ハイクラスビュッフェ招待券,大 
アカリ（正月）,ハイクラスビュッフェ招待券,大 
ノドカ（温泉）,ハイクラスビュッフェ招待券,大 
ハスミ,ハイクラスビュッフェ招待券,中 
ハスミ（体操服）,ハイクラスビュッフェ招待券,中 
ヒナ（ドレス）,ハイクラスビュッフェ招待券,中 
ヒヨリ（水着）,ハイクラスビュッフェ招待券,中 
レンゲ,ハイクラスビュッフェ招待券,中 
ツクヨ,食虫植物の植木鉢,大 
ハルカ,食虫植物の植木鉢,大 
ハルカ（正月）,食虫植物の植木鉢,大 
ヒナタ,食虫植物の植木鉢,大 
アツコ（水着）,食虫植物の植木鉢,中 
ウミカ,食虫植物の植木鉢,中 
カエデ,食虫植物の植木鉢,中 
キサキ,食虫植物の植木鉢,中 
サヤ（私服）,食虫植物の植木鉢,中 
セイア,食虫植物の植木鉢,中 
チェリノ,食虫植物の植木鉢,中 
チェリノ（温泉）,食虫植物の植木鉢,中 
ネル（制服）,食虫植物の植木鉢,中 
マコト,食虫植物の植木鉢,中 
マリー,食虫植物の植木鉢,中 
マリー（体操服）,食虫植物の植木鉢,中 
ミナ,食虫植物の植木鉢,中 
ムツキ,食虫植物の植木鉢,中 
ムツキ（正月）,食虫植物の植木鉢,中 
メグ,食虫植物の植木鉢,中 
モエ（水着）,食虫植物の植木鉢,中 
リオ,食虫植物の植木鉢,中 
アル（ドレス）,高級そうな欲望のつぼ,大 
セリカ,高級そうな欲望のつぼ,大 
セリカ（正月）,高級そうな欲望のつぼ,大 
セリカ（水着）,高級そうな欲望のつぼ,大 
チェリノ,高級そうな欲望のつぼ,大 
マコト,高級そうな欲望のつぼ,大 
ミナ,高級そうな欲望のつぼ,大 
アコ,高級そうな欲望のつぼ,中 
アコ（ドレス）,高級そうな欲望のつぼ,中 
アツコ（水着）,高級そうな欲望のつぼ,中 
アル,高級そうな欲望のつぼ,中 
アル（正月）,高級そうな欲望のつぼ,中 
ウミカ,高級そうな欲望のつぼ,中 
エイミ,高級そうな欲望のつぼ,中 
エイミ（水着）,高級そうな欲望のつぼ,中 
カエデ,高級そうな欲望のつぼ,中 
キサキ,高級そうな欲望のつぼ,中 
サキ,高級そうな欲望のつぼ,中 
サキ（水着）,高級そうな欲望のつぼ,中 
サヤ（私服）,高級そうな欲望のつぼ,中 
セイア,高級そうな欲望のつぼ,中 
チェリノ（温泉）,高級そうな欲望のつぼ,中 
チナツ（温泉）,高級そうな欲望のつぼ,中 
ツクヨ,高級そうな欲望のつぼ,中 
ナギサ,高級そうな欲望のつぼ,中 
ネル（制服）,高級そうな欲望のつぼ,中 
ノゾミ,高級そうな欲望のつぼ,中 
ハルカ,高級そうな欲望のつぼ,中 
ハルカ（正月）,高級そうな欲望のつぼ,中 
ヒマリ,高級そうな欲望のつぼ,中 
ホシノ（臨戦）,高級そうな欲望のつぼ,中 
マリナ,高級そうな欲望のつぼ,中 
マリナ（チーパオ）,高級そうな欲望のつぼ,中 
ムツキ,高級そうな欲望のつぼ,中 
ムツキ（正月）,高級そうな欲望のつぼ,中 
メグ,高級そうな欲望のつぼ,中 
モエ（水着）,高級そうな欲望のつぼ,中 
リオ,高級そうな欲望のつぼ,中 
エイミ,ぜんまい式オルゴール,大 
エイミ（水着）,ぜんまい式オルゴール,大 
カヨコ（ドレス）,ぜんまい式オルゴール,大 
チナツ（温泉）,ぜんまい式オルゴール,大 
ナギサ,ぜんまい式オルゴール,大 
ミナ,ぜんまい式オルゴール,大 
アコ,ぜんまい式オルゴール,中 
アコ（ドレス）,ぜんまい式オルゴール,中 
アル,ぜんまい式オルゴール,中 
アル（正月）,ぜんまい式オルゴール,中 
アル（ドレス）,ぜんまい式オルゴール,中 
カズサ（バンド）,ぜんまい式オルゴール,中 
カヨコ,ぜんまい式オルゴール,中 
カヨコ（正月）,ぜんまい式オルゴール,中 
サキ,ぜんまい式オルゴール,中 
サキ（水着）,ぜんまい式オルゴール,中 
セリカ,ぜんまい式オルゴール,中 
セリカ（正月）,ぜんまい式オルゴール,中 
セリカ（水着）,ぜんまい式オルゴール,中 
チェリノ,ぜんまい式オルゴール,中 
チヒロ,ぜんまい式オルゴール,中 
ノゾミ,ぜんまい式オルゴール,中 
ヒビキ（応援団）,ぜんまい式オルゴール,中 
ヒマリ,ぜんまい式オルゴール,中 
ホシノ（臨戦）,ぜんまい式オルゴール,中 
マコト,ぜんまい式オルゴール,中 
マリナ,ぜんまい式オルゴール,中 
マリナ（チーパオ）,ぜんまい式オルゴール,中 
レイサ,ぜんまい式オルゴール,中 
イズナ,刺繍付きのハンカチ,大 
イズナ（水着）,刺繍付きのハンカチ,大 
カヨコ（正月）,刺繍付きのハンカチ,大 
キリノ,刺繍付きのハンカチ,大 
ハルナ,刺繍付きのハンカチ,大 
ハルナ（正月）,刺繍付きのハンカチ,大 
マリー,刺繍付きのハンカチ,大 
マリー（体操服）,刺繍付きのハンカチ,大 
マリー（アイドル）,刺繍付きのハンカチ,大 
ミモリ,刺繍付きのハンカチ,大 
ミユ,刺繍付きのハンカチ,大 
ミユ（水着）,刺繍付きのハンカチ,大 
ユカリ,刺繍付きのハンカチ,大 
ルミ,刺繍付きのハンカチ,大 
アイリ（バンド）,刺繍付きのハンカチ,中 
アズサ,刺繍付きのハンカチ,中 
アリス（メイド）,刺繍付きのハンカチ,中 
カリン（制服）,刺繍付きのハンカチ,中 
キララ,刺繍付きのハンカチ,中 
セリカ（水着）,刺繍付きのハンカチ,中 
トモエ,刺繍付きのハンカチ,中 
トモエ（チーパオ）,刺繍付きのハンカチ,中 
ハナコ（水着）,刺繍付きのハンカチ,中 
ヒナタ,刺繍付きのハンカチ,中 
ヒナタ（水着）,刺繍付きのハンカチ,中 
アツコ,百科事典,大 
アツコ（水着）,百科事典,大 
キキョウ,百科事典,大 
コトリ,百科事典,大 
コトリ（応援団）,百科事典,大 
サツキ,百科事典,大 
ミノリ,百科事典,大 
アコ,百科事典,中 
アコ（ドレス）,百科事典,中 
アヤネ,百科事典,中 
アヤネ（水着）,百科事典,中 
イロハ,百科事典,中 
ウイ,百科事典,中 
ウイ（水着）,百科事典,中 
カホ,百科事典,中 
カンナ,百科事典,中 
キサキ,百科事典,中 
サキ,百科事典,中 
サキ（水着）,百科事典,中 
サヤ,百科事典,中 
シグレ,百科事典,中 
シグレ（温泉）,百科事典,中 
シミコ,百科事典,中 
セイア,百科事典,中 
セナ,百科事典,中 
チセ,百科事典,中 
チセ（水着）,百科事典,中 
チナツ,百科事典,中 
チナツ（温泉）,百科事典,中 
ツバキ（ガイド）,百科事典,中 
トモエ（チーパオ）,百科事典,中 
トキ,百科事典,中 
トキ（バニーガール）,百科事典,中 
ノア,百科事典,中 
ノア（パジャマ）,百科事典,中 
ハナコ,百科事典,中 
ミモリ（水着）,百科事典,中 
メル,百科事典,中 
モミジ,百科事典,中 
アコ,ザ・サプリメント,大 
アコ（ドレス）,ザ・サプリメント,大 
カンナ,ザ・サプリメント,大 
サヤ,ザ・サプリメント,大 
シグレ,ザ・サプリメント,大 
シグレ（温泉）,ザ・サプリメント,大 
シズコ,ザ・サプリメント,大 
シズコ（水着）,ザ・サプリメント,大 
フウカ（正月）,ザ・サプリメント,大 
レイジョ,ザ・サプリメント,大 
アツコ,ザ・サプリメント,中 
アツコ（水着）,ザ・サプリメント,中 
キキョウ,ザ・サプリメント,中 
コトリ,ザ・サプリメント,中 
コトリ（応援団）,ザ・サプリメント,中 
サキ,ザ・サプリメント,中 
サキ（水着）,ザ・サプリメント,中 
サツキ,ザ・サプリメント,中 
セナ,ザ・サプリメント,中 
セリナ（クリスマス）,ザ・サプリメント,中 
トキ,ザ・サプリメント,中 
トキ（バニーガール）,ザ・サプリメント,中 
ハナエ（クリスマス）,ザ・サプリメント,中 
ミノリ,ザ・サプリメント,中 
アズサ（水着）,夏模様の浮き輪,大 
アツコ（水着）,夏模様の浮き輪,大 
アヤネ（水着）,夏模様の浮き輪,大 
イオリ（水着）,夏模様の浮き輪,大 
イズナ（水着）,夏模様の浮き輪,大 
イズミ（水着）,夏模様の浮き輪,大 
ウイ（水着）,夏模様の浮き輪,大 
エイミ（水着）,夏模様の浮き輪,大 
カンナ（水着）,夏模様の浮き輪,大 
キリノ（水着）,夏模様の浮き輪,大 
コハル（水着）,夏模様の浮き輪,大 
サオリ（水着）,夏模様の浮き輪,大 
サキ（水着）,夏模様の浮き輪,大 
シズコ（水着）,夏模様の浮き輪,大 
シロコ（水着）,夏模様の浮き輪,大 
セリカ（水着）,夏模様の浮き輪,大 
チセ（水着）,夏模様の浮き輪,大 
ツルギ（水着）,夏模様の浮き輪,大 
ノノミ（水着）,夏模様の浮き輪,大 
ハナコ（水着）,夏模様の浮き輪,大 
ヒナ（水着）,夏模様の浮き輪,大 
ヒナタ（水着）,夏模様の浮き輪,大 
ヒフミ（水着）,夏模様の浮き輪,大 
ヒヨリ（水着）,夏模様の浮き輪,大 
フブキ（水着）,夏模様の浮き輪,大 
ホシノ（水着）,夏模様の浮き輪,大 
マシロ（水着）,夏模様の浮き輪,大 
ミモリ（水着）,夏模様の浮き輪,大 
ミヤコ（水着）,夏模様の浮き輪,大 
ミユ（水着）,夏模様の浮き輪,大 
モエ（水着）,夏模様の浮き輪,大 
ワカモ（水着）,夏模様の浮き輪,大 
セリナ（クリスマス）,レースの枕,特大 
ツバキ（ガイド）,レースの枕,特大 
ノア（パジャマ）,レースの枕,特大 
ホシノ,レースの枕,特大 
ホシノ（水着）,レースの枕,特大 
ホシノ（臨戦）,レースの枕,特大 
ミサキ,レースの枕,特大 
ミヤコ（水着）,レースの枕,特大 
ユウカ（パジャマ）,レースの枕,特大 
ツバキ,レースの枕,大 
セナ,レースの枕,大 
モモイ（メイド）,レースの枕,大 
ウイ（水着）,ストリートオブヤンキー1巻,特大 
カホ,ストリートオブヤンキー1巻,特大 
カンナ（水着）,ストリートオブヤンキー1巻,特大 
キキョウ,ストリートオブヤンキー1巻,特大 
セイア,ストリートオブヤンキー1巻,特大 
モミジ,ストリートオブヤンキー1巻,特大 
アツコ（水着）,ストリートオブヤンキー1巻,大 
アヤネ,ストリートオブヤンキー1巻,大 
アヤネ（水着）,ストリートオブヤンキー1巻,大 
イロハ,ストリートオブヤンキー1巻,大 
ウイ,ストリートオブヤンキー1巻,大 
キサキ,ストリートオブヤンキー1巻,大 
コトリ,ストリートオブヤンキー1巻,大 
サツキ,ストリートオブヤンキー1巻,大 
シミコ,ストリートオブヤンキー1巻,大 
チセ,ストリートオブヤンキー1巻,大 
チセ（水着）,ストリートオブヤンキー1巻,大 
チナツ,ストリートオブヤンキー1巻,大 
チナツ（温泉）,ストリートオブヤンキー1巻,大 
ツバキ（ガイド）,ストリートオブヤンキー1巻,大 
トモエ（チーパオ）,ストリートオブヤンキー1巻,大 
ノア,ストリートオブヤンキー1巻,大 
ノア（パジャマ）,ストリートオブヤンキー1巻,大 
ハナコ,ストリートオブヤンキー1巻,大 
ミノリ,ストリートオブヤンキー1巻,大 
ミモリ（水着）,ストリートオブヤンキー1巻,大 
メル,ストリートオブヤンキー1巻,大 
アスナ（制服）,サミュエラ「ザ・ビヨンド」,特大 
アスナ（バニーガール）,サミュエラ「ザ・ビヨンド」,特大 
コハル（水着）,サミュエラ「ザ・ビヨンド」,特大 
セリナ,サミュエラ「ザ・ビヨンド」,特大 
トモエ（チーパオ）,サミュエラ「ザ・ビヨンド」,特大 
ヒナ,サミュエラ「ザ・ビヨンド」,特大 
ヒナ（水着）,サミュエラ「ザ・ビヨンド」,特大 
ヒフミ,サミュエラ「ザ・ビヨンド」,特大 
ミネ,サミュエラ「ザ・ビヨンド」,特大 
アスナ,サミュエラ「ザ・ビヨンド」,大 
コハル,サミュエラ「ザ・ビヨンド」,大 
サオリ,サミュエラ「ザ・ビヨンド」,大 
サオリ（水着）,サミュエラ「ザ・ビヨンド」,大 
シュン,サミュエラ「ザ・ビヨンド」,大 
ノア（パジャマ）,サミュエラ「ザ・ビヨンド」,大 
ノノミ,サミュエラ「ザ・ビヨンド」,大 
ノノミ（水着）,サミュエラ「ザ・ビヨンド」,大 
ハナエ,サミュエラ「ザ・ビヨンド」,大 
ハナコ（水着）,サミュエラ「ザ・ビヨンド」,大 
ミカ,サミュエラ「ザ・ビヨンド」,大 
ミモリ（水着）,サミュエラ「ザ・ビヨンド」,大 
ユウカ（パジャマ）,サミュエラ「ザ・ビヨンド」,大 
アル（ドレス）,レトロな卵の工芸品,特大 
ウイ,レトロな卵の工芸品,特大 
サツキ,レトロな卵の工芸品,特大 
セリカ（水着）,レトロな卵の工芸品,特大 
チェリノ（温泉）,レトロな卵の工芸品,特大 
チナツ,レトロな卵の工芸品,特大 
トモエ,レトロな卵の工芸品,特大 
ナギサ,レトロな卵の工芸品,特大 
ヒフミ（水着）,レトロな卵の工芸品,特大 
ヒマリ,レトロな卵の工芸品,特大 
ホシノ,レトロな卵の工芸品,特大 
ホシノ（水着）,レトロな卵の工芸品,特大 
マコト,レトロな卵の工芸品,特大 
ミナ,レトロな卵の工芸品,特大 
アコ,レトロな卵の工芸品,大 
アコ（ドレス）,レトロな卵の工芸品,大 
アル,レトロな卵の工芸品,大 
アル（正月）,レトロな卵の工芸品,大 
エイミ,レトロな卵の工芸品,大 
エイミ（水着）,レトロな卵の工芸品,大 
サキ,レトロな卵の工芸品,大 
セリカ,レトロな卵の工芸品,大 
セリカ（正月）,レトロな卵の工芸品,大 
チェリノ,レトロな卵の工芸品,大 
チナツ（温泉）,レトロな卵の工芸品,大 
ノゾミ,レトロな卵の工芸品,大 
ホシノ（臨戦）,レトロな卵の工芸品,大 
マリナ,レトロな卵の工芸品,大 
マリナ（チーパオ）,レトロな卵の工芸品,大 
ミチル,レトロな卵の工芸品,大 
アイリ（バンド）,ミルフィーユの正統派パフェ,特大 
アカリ,ミルフィーユの正統派パフェ,特大 
アカリ（正月）,ミルフィーユの正統派パフェ,特大 
アスナ,ミルフィーユの正統派パフェ,特大 
イブキ,ミルフィーユの正統派パフェ,特大 
カズサ（バンド）,ミルフィーユの正統派パフェ,特大 
キリノ,ミルフィーユの正統派パフェ,特大 
ココナ,ミルフィーユの正統派パフェ,特大 
サクラコ,ミルフィーユの正統派パフェ,特大 
ジュンコ（正月）,ミルフィーユの正統派パフェ,特大 
ハスミ（体操服）,ミルフィーユの正統派パフェ,特大 
ハルナ（体操服）,ミルフィーユの正統派パフェ,特大 
ヒカリ,ミルフィーユの正統派パフェ,特大 
ヒヨリ（水着）,ミルフィーユの正統派パフェ,特大 
フブキ（水着）,ミルフィーユの正統派パフェ,特大 
ミカ,ミルフィーユの正統派パフェ,特大 
ヨシミ（バンド）,ミルフィーユの正統派パフェ,特大 
レイサ,ミルフィーユの正統派パフェ,特大 
アイリ,ミルフィーユの正統派パフェ,大 
アスナ（バニーガール）,ミルフィーユの正統派パフェ,大 
イオリ,ミルフィーユの正統派パフェ,大 
イオリ（水着）,ミルフィーユの正統派パフェ,大 
イズミ,ミルフィーユの正統派パフェ,大 
イズミ（水着）,ミルフィーユの正統派パフェ,大 
カズサ,ミルフィーユの正統派パフェ,大 
シュン（幼女）,ミルフィーユの正統派パフェ,大 
ジュンコ,ミルフィーユの正統派パフェ,大 
ナツ,ミルフィーユの正統派パフェ,大 
ノドカ,ミルフィーユの正統派パフェ,大 
ノドカ（温泉）,ミルフィーユの正統派パフェ,大 
ハスミ,ミルフィーユの正統派パフェ,大 
フブキ,ミルフィーユの正統派パフェ,大 
ユカリ,ミルフィーユの正統派パフェ,大 
ヨシミ,ミルフィーユの正統派パフェ,大 
アヤネ（水着）,エイ～ブックレア,特大 
ウタハ,エイ～ブックレア,特大 
ウタハ（応援団）,エイ～ブックレア,特大 
カスミ,エイ～ブックレア,特大 
カヨコ（ドレス）,エイ～ブックレア,特大 
コタマ（キャンプ）,エイ～ブックレア,特大 
コトリ,エイ～ブックレア,特大 
ハレ,エイ～ブックレア,特大 
ハレ（キャンプ）,エイ～ブックレア,特大 
ミヤコ,エイ～ブックレア,特大 
モエ（水着）,エイ～ブックレア,特大 
ユウカ,エイ～ブックレア,特大 
ユズ（メイド）,エイ～ブックレア,特大 
リオ,エイ～ブックレア,特大 
レイ,エイ～ブックレア,特大 
カヨコ,エイ～ブックレア,大 
カヨコ（正月）,エイ～ブックレア,大 
チヒロ,エイ～ブックレア,大 
ヒビキ,エイ～ブックレア,大 
ヒビキ（応援団）,エイ～ブックレア,大 
モエ,エイ～ブックレア,大 
ユウカ（パジャマ）,エイ～ブックレア,大 
ユズ,エイ～ブックレア,大 
レイサ,エイ～ブックレア,大 
アズサ（水着）,おしゃれなくし,特大 
アリス（メイド）,おしゃれなくし,特大 
キララ,おしゃれなくし,特大 
サオリ（水着）,おしゃれなくし,特大 
ツルギ,おしゃれなくし,特大 
ツルギ（水着）,おしゃれなくし,特大 
ハナコ（水着）,おしゃれなくし,特大 
マリー（体操服）,おしゃれなくし,特大 
マリナ（チーパオ）,おしゃれなくし,特大 
ミユ,おしゃれなくし,特大 
ミユ（水着）,おしゃれなくし,特大 
ユカリ,おしゃれなくし,特大 
ルミ,おしゃれなくし,特大 
ワカモ,おしゃれなくし,特大 
ワカモ（水着）,おしゃれなくし,特大 
アズサ,おしゃれなくし,大 
イズナ,おしゃれなくし,大 
イズナ（水着）,おしゃれなくし,大 
カヨコ（正月）,おしゃれなくし,大 
トモエ（チーパオ）,おしゃれなくし,大 
ミモリ,おしゃれなくし,大 
アコ（ドレス）,栄養満載の総合ビタミンゼリー,特大 
カンナ,栄養満載の総合ビタミンゼリー,特大 
サキ（水着）,栄養満載の総合ビタミンゼリー,特大 
サヤ（私服）,栄養満載の総合ビタミンゼリー,特大 
シグレ,栄養満載の総合ビタミンゼリー,特大 
シグレ（温泉）,栄養満載の総合ビタミンゼリー,特大 
ジュリ,栄養満載の総合ビタミンゼリー,特大 
セナ,栄養満載の総合ビタミンゼリー,特大 
セリナ,栄養満載の総合ビタミンゼリー,特大 
フウカ（正月）,栄養満載の総合ビタミンゼリー,特大 
マシロ,栄養満載の総合ビタミンゼリー,特大 
マシロ（水着）,栄養満載の総合ビタミンゼリー,特大 
ミノリ,栄養満載の総合ビタミンゼリー,特大 
ユウカ,栄養満載の総合ビタミンゼリー,特大 
サヤ,栄養満載の総合ビタミンゼリー,大 
シズコ,栄養満載の総合ビタミンゼリー,大 
シズコ（水着）,栄養満載の総合ビタミンゼリー,大 
セリナ（クリスマス）,栄養満載の総合ビタミンゼリー,大 
キサキ,最高級の楓の盆栽,特大 
ツバキ,最高級の楓の盆栽,特大 
ハルカ（正月）,最高級の楓の盆栽,特大 
ツクヨ,最高級の楓の盆栽,大 
ハルカ,最高級の楓の盆栽,大 
ヒナタ,最高級の楓の盆栽,大 
マリー,最高級の楓の盆栽,大 
マリー（体操服）,最高級の楓の盆栽,大 
カリン,裁縫キット,特大 
カリン（制服）,裁縫キット,特大 
カリン（バニーガール）,裁縫キット,特大 
トキ（バニーガール）,裁縫キット,特大 
フィーナ,裁縫キット,特大 
ヒナタ,裁縫キット,特大 
ヒナタ（水着）,裁縫キット,特大 
ヒビキ（応援団）,裁縫キット,特大 
ミドリ（メイド）,裁縫キット,特大 
ミモリ（水着）,裁縫キット,特大 
レンゲ,裁縫キット,特大 
マリー（アイドル）,裁縫キット,特大 
アカネ,裁縫キット,大 
ヒヨリ,裁縫キット,大 
フウカ,裁縫キット,大 
フウカ（正月）,裁縫キット,大 
ミモリ,裁縫キット,大 
カヨコ（正月）,音楽演奏会入場券,特大 
スズミ,音楽演奏会入場券,特大 
ハルナ,音楽演奏会入場券,特大 
ハルナ（正月）,音楽演奏会入場券,特大 
ヒナ（ドレス）,音楽演奏会入場券,特大 
ノドカ（温泉）,音楽演奏会入場券,大 
レンゲ,音楽演奏会入場券,大 
キリノ（水着）,1日3回ダンベルセット,特大 
コトリ（応援団）,1日3回ダンベルセット,特大 
シロコ（水着）,1日3回ダンベルセット,特大 
トキ,1日3回ダンベルセット,特大 
トキ（バニーガール）,1日3回ダンベルセット,特大 
ハナエ（クリスマス）,1日3回ダンベルセット,特大 
レイジョ,1日3回ダンベルセット,特大 
シロコ,1日3回ダンベルセット,大 
シロコ（ライディング）,1日3回ダンベルセット,大 
シロコ＊テラー,1日3回ダンベルセット,大 
スミレ,1日3回ダンベルセット,大 
ハルナ（体操服）,1日3回ダンベルセット,大 
アツコ,ボードゲーム「ザ・人生」,特大 
アツコ（水着）,ボードゲーム「ザ・人生」,特大 
アリス,ボードゲーム「ザ・人生」,特大 
アリス（メイド）,ボードゲーム「ザ・人生」,特大 
イブキ,ボードゲーム「ザ・人生」,特大 
ウミカ,ボードゲーム「ザ・人生」,特大 
コユキ,ボードゲーム「ザ・人生」,特大 
ネル（制服）,ボードゲーム「ザ・人生」,特大 
ネル（バニーガール）,ボードゲーム「ザ・人生」,特大 
ノゾミ,ボードゲーム「ザ・人生」,特大 
ミドリ,ボードゲーム「ザ・人生」,特大 
メグ,ボードゲーム「ザ・人生」,特大 
メル,ボードゲーム「ザ・人生」,特大 
モモイ,ボードゲーム「ザ・人生」,特大 
モモイ（メイド）,ボードゲーム「ザ・人生」,特大 
カエデ,ボードゲーム「ザ・人生」,大 
コタマ,ボードゲーム「ザ・人生」,大 
コタマ（キャンプ）,ボードゲーム「ザ・人生」,大 
ネル,ボードゲーム「ザ・人生」,大 
マキ,ボードゲーム「ザ・人生」,大 
マリナ（チーパオ）,ボードゲーム「ザ・人生」,大 
ムツキ,ボードゲーム「ザ・人生」,大 
ムツキ（正月）,ボードゲーム「ザ・人生」,大